Epoch,Train Loss,Dev Loss
1,2.5214560852906147,0.9659461137149241
2,0.9448094917340325,0.7604539827866987
3,0.7356675993046397,0.7148268715321243
4,0.628405925854073,0.6667223420816583
5,0.5596485720560341,0.6238411315656328
