Epoch,Train Loss,Dev Loss
1,3.238159066840232,1.1534663636189002
2,1.0704747128312464,0.818550925750237
3,0.8060597325977567,0.7477685327266718
4,0.6902232834730636,0.6769775133821871
5,0.6201308000856987,0.6339605877345259
