Epoch,Train Loss,Dev Loss
1,2.0760331444877695,0.8522806763648987
2,0.8525120906725332,0.7082080603032918
3,0.6961674780234114,0.6723338895803922
4,0.6119053980408163,0.6315242799071522
5,0.5586410239217924,0.6258613655900026
