Epoch,Train Loss,Dev Loss
1,2.696320407431234,1.2689707722369727
2,1.1324690354673506,0.9570014410978788
3,0.8241988142299188,0.88086434231176
4,0.6786216639296768,0.8233864299662701
5,0.5989216835322705,0.7911516803425628
