Epoch,Train Loss,Dev Loss
1,2.3795650962788564,0.9609564107346844
2,0.9495829942261244,0.8003076804535729
3,0.7393787435630893,0.7239257676841376
4,0.6354789780452847,0.664534757760438
5,0.5708063074883509,0.6472308018377849
