Epoch,Train Loss,Dev Loss
1,2.3876159887325454,1.0278217324188776
2,0.9656739096556392,0.8080635105634665
3,0.7369471032583674,0.7224059577112074
4,0.6180501433766701,0.6837601750702053
5,0.5467788418996837,0.6664926992221312
