{
    "test_loss": 0.6393850021935129,
    "greedy": {
        "BLEU": 0.8567170639379701,
        "decoding_time": 993.0104629993439
    },
    "beam_search_width_3": {
        "BLEU": 0.8576032000619859,
        "decoding_time": 4965.947396993637
    }
}