{
    "sinusoidal": {
        "test_loss": 0.6393850021935129,
        "BLEU": 0.8567170639379701,
        "param_count": 31863657
    },
    "learnable": {
        "test_loss": 0.6324159718759648,
        "BLEU": 0.8519535602608578,
        "param_count": 31889257
    }
}