Epoch,Train Loss,Dev Loss
1,2.5623507625241944,1.0140227847672127
2,0.9927549962341399,0.783964376557957
3,0.7744892118377732,0.7409109858336387
4,0.6611561288621712,0.6851224896389169
5,0.5975572944606666,0.6506223491840548
